user_id,username,password,email,created_on,last_login
1,user1,user11,user1@abc.com,2020-12-06 04:00:00,2020-12-07 13:00:00
2,user2,user22,user2@abc.com,2020-12-06 04:00:00,2020-12-07 13:00:00
3,user3,user33,user3@abc.com,2020-12-06 04:00:00,2020-12-07 13:00:00
4,user4,user44,user4@abc.com,2020-12-06 04:00:00,2020-12-07 13:00:00
5,user5,user55,user5@abc.com,2020-12-06 04:00:00,2020-12-07 13:00:00
6,user6,user66,user6@abc.com,2020-12-06 04:00:00,2020-12-07 13:00:00
7,user7,user77,user7@abc.com,2020-12-06 04:00:00,2020-12-07 13:00:00
8,user8,user88,user8@abc.com,2020-12-06 04:00:00,2020-12-07 13:00:00
9,user9,user99,user9@abc.com,2020-12-06 04:00:00,2020-12-07 13:00:00
10,user10,user1010,user10@abc.com,2020-12-06 04:00:00,2020-12-07 13:00:00
11,user11,user1111,user11@abc.com,2020-12-06 04:00:00,2020-12-07 13:00:00
12,user12,user1212,user12@abc.com,2020-12-06 04:00:00,2020-12-07 13:00:00
13,user13,user1313,user13@abc.com,2020-12-06 04:00:00,2020-12-07 13:00:00
14,user14,user1414,user14@abc.com,2020-12-06 04:00:00,2020-12-07 13:00:00
15,user15,user1515,user15@abc.com,2020-12-06 04:00:00,2020-12-07 13:00:00
16,user16,user1616,user16@abc.com,2020-12-06 04:00:00,2020-12-07 13:00:00
17,user17,user1717,user17@abc.com,2020-12-06 04:00:00,2020-12-07 13:00:00
18,user18,user1818,user18@abc.com,2020-12-06 04:00:00,2020-12-07 13:00:00
19,user19,user1919,user19@abc.com,2020-12-06 04:00:00,2020-12-07 13:00:00
20,user20,user2020,user20@abc.com,2020-12-06 04:00:00,2020-12-07 13:00:00
21,user21,user2121,user21@abc.com,2020-12-06 04:00:00,2020-12-07 13:00:00
22,user22,user2222,user22@abc.com,2020-12-06 04:00:00,2020-12-07 13:00:00
23,user23,user2323,user23@abc.com,2020-12-06 04:00:00,2020-12-07 13:00:00
24,user24,user2424,user24@abc.com,2020-12-06 04:00:00,2020-12-07 13:00:00
25,user25,user2525,user25@abc.com,2020-12-06 04:00:00,2020-12-07 13:00:00
26,user26,user2626,user26@abc.com,2020-12-06 04:00:00,2020-12-07 13:00:00
27,user27,user2727,user27@abc.com,2020-12-06 04:00:00,2020-12-07 13:00:00
28,user28,user2828,user28@abc.com,2020-12-06 04:00:00,2020-12-07 13:00:00
29,user29,user2929,user29@abc.com,2020-12-06 04:00:00,2020-12-07 13:00:00
30,user30,user3030,user30@abc.com,2020-12-06 04:00:00,2020-12-07 13:00:00
31,user31,user3131,user31@abc.com,2020-12-06 04:00:00,2020-12-07 13:00:00
32,user32,user3232,user32@abc.com,2020-12-06 04:00:00,2020-12-07 13:00:00
33,user33,user3333,user33@abc.com,2020-12-06 04:00:00,2020-12-07 13:00:00
34,user34,user3434,user34@abc.com,2020-12-06 04:00:00,2020-12-07 13:00:00
35,user35,user3535,user35@abc.com,2020-12-06 04:00:00,2020-12-07 13:00:00
36,user36,user3636,user36@abc.com,2020-12-06 04:00:00,2020-12-07 13:00:00
37,user37,user3737,user37@abc.com,2020-12-06 04:00:00,2020-12-07 13:00:00
38,user38,user3838,user38@abc.com,2020-12-06 04:00:00,2020-12-07 13:00:00
39,user39,user3939,user39@abc.com,2020-12-06 04:00:00,2020-12-07 13:00:00
40,user40,user4040,user40@abc.com,2020-12-06 04:00:00,2020-12-07 13:00:00
41,user41,user4141,user41@abc.com,2020-12-06 04:00:00,2020-12-07 13:00:00
42,user42,user4242,user42@abc.com,2020-12-06 04:00:00,2020-12-07 13:00:00
43,user43,user4343,user43@abc.com,2020-12-06 04:00:00,2020-12-07 13:00:00
44,user44,user4444,user44@abc.com,2020-12-06 04:00:00,2020-12-07 13:00:00
45,user45,user4545,user45@abc.com,2020-12-06 04:00:00,2020-12-07 13:00:00
46,user46,user4646,user46@abc.com,2020-12-06 04:00:00,2020-12-07 13:00:00
47,user47,user4747,user47@abc.com,2020-12-06 04:00:00,2020-12-07 13:00:00
48,user48,user4848,user48@abc.com,2020-12-06 04:00:00,2020-12-07 13:00:00
49,user49,user4949,user49@abc.com,2020-12-06 04:00:00,2020-12-07 13:00:00
50,user50,user5050,user50@abc.com,2020-12-06 04:00:00,2020-12-07 13:00:00
51,user51,user5151,user51@abc.com,2020-12-06 04:00:00,2020-12-07 13:00:00
52,user52,user5252,user52@abc.com,2020-12-06 04:00:00,2020-12-07 13:00:00
53,user53,user5353,user53@abc.com,2020-12-06 04:00:00,2020-12-07 13:00:00
54,user54,user5454,user54@abc.com,2020-12-06 04:00:00,2020-12-07 13:00:00
55,user55,user5555,user55@abc.com,2020-12-06 04:00:00,2020-12-07 13:00:00
56,user56,user5656,user56@abc.com,2020-12-06 04:00:00,2020-12-07 13:00:00
57,user57,user5757,user57@abc.com,2020-12-06 04:00:00,2020-12-07 13:00:00
58,user58,user5858,user58@abc.com,2020-12-06 04:00:00,2020-12-07 13:00:00
59,user59,user5959,user59@abc.com,2020-12-06 04:00:00,2020-12-07 13:00:00
60,user60,user6060,user60@abc.com,2020-12-06 04:00:00,2020-12-07 13:00:00
61,user61,user6161,user61@abc.com,2020-12-06 04:00:00,2020-12-07 13:00:00
62,user62,user6262,user62@abc.com,2020-12-06 04:00:00,2020-12-07 13:00:00
63,user63,user6363,user63@abc.com,2020-12-06 04:00:00,2020-12-07 13:00:00
64,user64,user6464,user64@abc.com,2020-12-06 04:00:00,2020-12-07 13:00:00
65,user65,user6565,user65@abc.com,2020-12-06 04:00:00,2020-12-07 13:00:00
66,user66,user6666,user66@abc.com,2020-12-06 04:00:00,2020-12-07 13:00:00
67,user67,user6767,user67@abc.com,2020-12-06 04:00:00,2020-12-07 13:00:00
68,user68,user6868,user68@abc.com,2020-12-06 04:00:00,2020-12-07 13:00:00
69,user69,user6969,user69@abc.com,2020-12-06 04:00:00,2020-12-07 13:00:00
70,user70,user7070,user70@abc.com,2020-12-06 04:00:00,2020-12-07 13:00:00
71,user71,user7171,user71@abc.com,2020-12-06 04:00:00,2020-12-07 13:00:00
72,user72,user7272,user72@abc.com,2020-12-06 04:00:00,2020-12-07 13:00:00
73,user73,user7373,user73@abc.com,2020-12-06 04:00:00,2020-12-07 13:00:00
74,user74,user7474,user74@abc.com,2020-12-06 04:00:00,2020-12-07 13:00:00
75,user75,user7575,user75@abc.com,2020-12-06 04:00:00,2020-12-07 13:00:00
76,user76,user7676,user76@abc.com,2020-12-06 04:00:00,2020-12-07 13:00:00
77,user77,user7777,user77@abc.com,2020-12-06 04:00:00,2020-12-07 13:00:00
78,user78,user7878,user78@abc.com,2020-12-06 04:00:00,2020-12-07 13:00:00
79,user79,user7979,user79@abc.com,2020-12-06 04:00:00,2020-12-07 13:00:00
80,user80,user8080,user80@abc.com,2020-12-06 04:00:00,2020-12-07 13:00:00
81,user81,user8181,user81@abc.com,2020-12-06 04:00:00,2020-12-07 13:00:00
82,user82,user8282,user82@abc.com,2020-12-06 04:00:00,2020-12-07 13:00:00
83,user83,user8383,user83@abc.com,2020-12-06 04:00:00,2020-12-07 13:00:00
84,user84,user8484,user84@abc.com,2020-12-06 04:00:00,2020-12-07 13:00:00
85,user85,user8585,user85@abc.com,2020-12-06 04:00:00,2020-12-07 13:00:00
86,user86,user8686,user86@abc.com,2020-12-06 04:00:00,2020-12-07 13:00:00
87,user87,user8787,user87@abc.com,2020-12-06 04:00:00,2020-12-07 13:00:00
88,user88,user8888,user88@abc.com,2020-12-06 04:00:00,2020-12-07 13:00:00
89,user89,user8989,user89@abc.com,2020-12-06 04:00:00,2020-12-07 13:00:00
90,user90,user9090,user90@abc.com,2020-12-06 04:00:00,2020-12-07 13:00:00
91,user91,user9191,user91@abc.com,2020-12-06 04:00:00,2020-12-07 13:00:00
92,user92,user9292,user92@abc.com,2020-12-06 04:00:00,2020-12-07 13:00:00
93,user93,user9393,user93@abc.com,2020-12-06 04:00:00,2020-12-07 13:00:00
94,user94,user9494,user94@abc.com,2020-12-06 04:00:00,2020-12-07 13:00:00
95,user95,user9595,user95@abc.com,2020-12-06 04:00:00,2020-12-07 13:00:00
96,user96,user9696,user96@abc.com,2020-12-06 04:00:00,2020-12-07 13:00:00
97,user97,user9797,user97@abc.com,2020-12-06 04:00:00,2020-12-07 13:00:00
98,user98,user9898,user98@abc.com,2020-12-06 04:00:00,2020-12-07 13:00:00
99,user99,user9999,user99@abc.com,2020-12-06 04:00:00,2020-12-07 13:00:00
100,user100,user100100,user100@abc.com,2020-12-06 04:00:00,2020-12-07 13:00:00
